真剣(マジ)で私(わたし)に恋しなさい!!,5,"野山, 風一郎",一迅社,KH447,2011.5,9784758042215
ツインスター・サイクロン・ランナウェイ.,3,"小川, 一水, 1975-",早川書房,KH971,2023.6,9784150315535
推し、燃ゆ,,"宇佐見, りん, 1999-",河出書房新社,KH971,2023.7,9784309419787
君が見たのは誰の夢?,,"森, 博嗣, 1957-",講談社,KH971,2023.4,9784065309704
真剣(マジ)で私(わたし)に恋しなさい!!,3,"野山, 風一郎",一迅社,KH447,2010.9,9784758041751
真剣(マジ)で私(わたし)に恋しなさい!!,2,"野山, 風一郎",一迅社,KH447,2010.5,9784758041485
真剣(マジ)で私(わたし)に恋しなさい!!,,"野山, 風一郎",一迅社,KH447,2010.1,9784758041249
真剣(マジ)で私(わたし)に恋しなさい!!,6,ホークアイ,一迅社,KH447,2011.9,9784758042536
十七八より,,"乗代, 雄介, 1986-",講談社,KH971,2022.1,9784065264034
スーパーの裏でヤニ吸うふたり,2,地主,スクウェア・エニックス,Y84,2023.1,9784757583627
ブラック・ラグーンエダイニシャルステージ.,1,"やまむら, はじめ, 1968-",小学館,Y84,2022.9,9784091576903
私はあなたの瞳の林檎,,"舞城, 王太郎, 1973-",講談社,KH971,2021.9,9784065248942
されど私の可愛い檸檬,,"舞城, 王太郎, 1973-",講談社,KH971,2021.1,9784065249376
諍い・ハーレム.,1,"シギサワ, カヤ",白泉社,Y84,2021.2,9784592711803
君たちは絶滅危惧種なのか?,,"森, 博嗣, 1957-",講談社,KH971,2021.4,9784065220030
ダンジョンの中のひと.,1,"双見, 酔",双葉社,Y84,2021.2,9784575855470
ポーの一族,2,"萩尾, 望都, 1949-",小学館,Y84,2016.5,9784091384096
ポーの一族,1,"萩尾, 望都, 1949-",小学館,Y84,2016.5,9784091384003
幻想ギネコクラシー,2,"沙村, 広明, 1970-",白泉社,Y84,2017.5,9784592711162
33歳独身女騎士隊長。,2,天原,BookLive,Y84,2021.1,9784866751368
BLACK LAGOON.,12,"広江, 礼威",小学館,Y84,2021.8,9784091576460
メランコリア,上巻,"道満, 晴明",集英社,Y84,2018.3,9784088908830
メランコリア,下巻,"道満, 晴明",集英社,Y84,2019.3,9784088912417
ザ・ビデオ・ゲーム・ウィズ・ノーネーム,,"赤野, 工作",KADOKAWA,KH811,2017.6,9784040723471
モモ艦長の秘密基地,1,"鶴田, 謙二",白泉社,Y84,2022.4,9784592712008
リアルの私はどこにいる？ : Ｗｈｅｒｅ　Ａｍ　Ｉ　ｏｎ　ｔｈｅ　Ｒｅａｌ　Ｓｉｄｅ？,,"森, 博嗣, 1957-",講談社,KH971,2022.4.15,9784065268063
人類最強の初恋,,"西尾, 維新, 1981-",講談社,KH971,2020.5,9784065197165
スパイ教室,1,竹町,KADOKAWA,KH971,2020.1,9784040734804
クリュセの魚,,"東, 浩紀, 1971-",河出書房新社,KH811,2016.8,9784309414737
宙(そら)に参る.,2,"肋骨, 凹介",リイド社,Y84,2021.8,9784845860999
ツインスター・サイクロン・ランナウェイ.,2,"小川, 一水, 1975-",早川書房,KH971,2022.2,9784150315061
恋と禁忌の述語論理(プレディケット),,"井上, 真偽",講談社,KH971,2018.12,9784065139950
げいさい,,"会田, 誠, 1965-",文藝春秋,KH971,2023.1,9784167921156
コンビニ人間,,"村田, 沙耶香, 1979-",文藝春秋,KH881,2018.9,9784167911300
人間に向いてない,,"黒澤, いづみ",講談社,KH971,2020.5,9784065197844
ブルースカイ,,"桜庭, 一樹, 1971-",早川書房,KH525,2011.4,9784150310288
i (アイ),,"西, 加奈子",ポプラ社,KH971,2019.11,9784591164457
走馬灯のセトリは考えておいて,,"柴田, 勝家, 1987-",早川書房,KH971,2022.11,9784150315375
殊能将之未発表短篇集,,"殊能, 将之, 1964-2013",講談社,KH971,2022.8,9784065289839
スパイ教室,2,竹町,KADOKAWA,KH971,2020.4,9784040736365
笑わない数学者,,"森, 博嗣, 1957-",講談社,KH372,1999.7,9784062646147
恋は暗黒。,,"十文字, 青",KADOKAWA,KH971,2022.8,9784046816603
キッチン,,"吉本, ばなな, 1964-",新潮社,KH747,2002.7,9784101359137
渚にて : 人類最後の日,,"Shute, Nevil, 1899-1960",東京創元社,KS171,2009.4,9784488616038
フリースタイル言語学,,"川原, 繁人, 1980-",大和書房,言語学,2022.6,9784479393894
境界線上のホライゾン,1 上,"川上, 稔, 1975-",アスキー・メディアワークス,KH258,2008.9,9784048672184
裏世界ピクニック,2,"宮澤, 伊織",早川書房,KH874,2017.1,9784150313012
六畳間ミステリーアパート,,"河端, ジュン一, 1988-",新潮社,KH971,2022.11,9784101802367
ウスズミの果て : MISSION IN THE APOCALYPSE.,1,"岩宗, 治生",KADOKAWA,Y84,2023.4,9784047374553
詩的私的ジャック : Jack the poetical private,,"森, 博嗣",講談社,913.6,1999.11,9784062647069
鍋に弾丸(たま)を受けながら,Volume1,"青木, 潤太朗",KADOKAWA,Y84,2022.1,9784041120972
鍋に弾丸(たま)を受けながら,Volume2,"青木, 潤太朗",KADOKAWA,Y84,2022.8,9784041126974
鍋に弾丸(たま)を受けながら,Volume3,"青木, 潤太朗",KADOKAWA,Y84,2023.3,9784041134870
ウスズミの果て : MISSION IN THE APOCALYPSE.,2,"岩宗, 治生",KADOKAWA,Y84,2023.9,9784047374614
デジタルゲーム研究,,"吉田, 寛, 1973-",東京大学出版会,コンピュータゲーム,2023.9,9784130101578
キドナプキディング : 青色サヴァンと戯言遣いの娘,,"西尾, 維新, 1981-",講談社,KH971,2023.2,9784065302347
音盤紀行,1,"毛塚, 了一郎",KADOKAWA,Y84,2022.5,9784047370906
宙(そら)に参る,1,"肋骨, 凹介",リイド社,Y84,2020.3,9784845860401
境界線上のホライゾンNEXT BOX : GENESISシリーズ.,HDDD英国編〈上〉,"川上, 稔, 1975-",KADOKAWA,KH971,2020.12,9784049127430
幻想ギネコクラシー,1,"沙村, 広明, 1970-",白泉社,Y84,2014.3,9784592710646
紫骸城事件 : inside the apocalypse castle,,"上遠野, 浩平, 1968-",講談社,KH851,2018.9,9784065128909
語り屋カタリの推理講戯,,"円居, 挽",講談社,KH867,2018.2,9784062941099
鏡面堂の殺人 : Theory of Relativity,,"周木, 律",講談社,KH971,2019.1.16,9784065139592
図書館の魔女,第2巻,"高田, 大介, 1968-",講談社,KH934,2016.4,9784062933667
一銭五厘の軌道降下,1,カルロ・ゼン,早川書房,KH851,2017.8,9784150312800
ディアスポラ,,"Egan, Greg, 1961-",早川書房,KS155,2005.9,9784150115319
敵は海賊・海賊版 : Dehumanize,,"神林, 長平, 1953-",早川書房,KH248,2010.8,9784150310080
プロローグ,,"円城, 塔",文藝春秋,KH821,2018.2,9784167910198
誤解するカド : ファーストコンタクトSF傑作選,,"野崎, まど",早川書房,KE211,2017.4,9784150312725
エピローグ,,"円城, 塔",早川書房,KH821,2018.2,9784150313166
九十九十九,,"舞城, 王太郎, 1973-",講談社,KH335,2007.1,9784062756242
世界の半分を怒らせる,,"押井, 守, 1951-",幻冬舎,KH897,2017.12,9784344426740
殺竜事件 : a case of dragonslayer,,"上遠野, 浩平, 1968-",講談社,KH851,2018.4,9784062941150
空の境界,下,"奈須, きのこ, 1973-",講談社,KH431,2008.1,9784062759465
華氏451度,,"Bradbury, Ray, 1920-2012",早川書房,KS152,2014.6,9784150119553
阿修羅ガール,,"舞城, 王太郎, 1973-",新潮社,KH335,2005.5,9784101186313
タイニーストーリーズ,,"山田, 詠美, 1959-",文藝春秋,KH954,2013.4,9784167558086
ゾンビ日記,,"押井, 守, 1951-",角川春樹事務所,KH897,2015.7,9784758439190
激突のヘクセンナハト,1,"川上, 稔, 1975-",KADOKAWA,KH851,2015.8,9784048653114
魍魎 (もうりょう) の匣 (はこ),,"京極, 夏彦",講談社,KH297,1999.9,9784062646673
空の境界未来福音 : the Garden of sinners/recalled out summer,,"奈須, きのこ, 1973-",星海社,KH431,2011.11,9784061389199
教会堂の殺人 : Game Theory,,"周木, 律",講談社,KH924,2018.9,9784065128534
人間のように泣いたのか?,,"森, 博嗣, 1957-",講談社,KH877,2018.1,9784065135945
別冊図書館戦争,1,"有川, 浩, 1972-",角川書店,KH67,2011.7,9784043898091
図書館革命,,"有川, 浩, 1972-",角川書店,KH67,2011.6,9784043898084
図書館内乱,,"有川, 浩, 1972-",角川書店,KH67,2011.4,9784043898060
一九八四年,,"Orwell, George, 1903-1950",早川書房,KS166,2009.7,9784151200533
ハーモニー,,"伊藤, 計劃, 1974-2009",早川書房,KH225,2010.12,9784150310196
図書館危機,,"有川, 浩, 1972-",角川書店,KH67,2011.5,9784043898077
アーモンド入りチョコレートのワルツ,,"森, 絵都, 1968-",角川書店,KH372,2005.6,9784043791019
白河夜船,,"吉本, ばなな, 1964-",新潮社,KH747,2002.1,9784101359175
占星術殺人事件,,"島田, 荘司, 1948-",講談社,KH924,2013.8,9784062775038
地球へ…,3,"竹宮, 恵子, 1950-",中央公論社,726.1,1995.1,9784122022416
地球へ…,2,"竹宮, 恵子, 1950-",中央公論社,726.1,1995.1,9784122022409
地球へ…,1,"竹宮, 恵子, 1950-",中央公論社,726.1,1995.1,9784122022393
"フライ,ダディ,フライ",,"金城, 一紀, 1968-",角川書店,KH248,2009.4,9784043852031
Go,,"金城, 一紀, 1968-",角川書店,KH248,2007.6,9784043852017
淵の王,,"舞城, 王太郎, 1973-",新潮社,KH867,2017.12,9784101186382
公正的戦闘規範,,"藤井, 太洋, 1971-",早川書房,KH824,2017.8,9784150312909
下流志向 : 学ばない子どもたち働かない若者たち,,"内田, 樹, 1950-",講談社,青少年問題--日本,2009.7,9784062763998
動物農場,,"Orwell, George, 1903-1950",筑摩書房,KS166,2013.9,9784480431035
ダブル・ジョーカー,,"柳, 広司, 1967-",角川書店,KH728,2012.6,9784041003282
ジョーカー・ゲーム,,"柳, 広司, 1967-",角川書店,KH728,2011.6,9784043829064
パラダイス・ロスト,,"柳, 広司, 1967-",角川書店,KH954,2013.6,9784041008263
キケン,,"有川, 浩, 1972-",新潮社,KH811,2013.7,9784101276328
異セカイ系,,"名倉, 編",講談社,KH884,2018.8,9784065125557
地の星 : 流転の海第2部,,"宮本, 輝, 1947-",新潮社,KH366,1996.3,9784101307510
血脈の火,,"宮本, 輝, 1947-",新潮社,KH366,1999.1,9784101307527
レッド・クイーン,3,"Aveyard, Victoria",ハーパーコリンズ・ジャパン,KS179,2019.1,9784596541024
彼女は一人で歩くのか?,,"森, 博嗣, 1957-",講談社,KH877,2015.1,9784062940030
The 2nd Combustion = 燃焼,The 2nd Combustion-燃焼,"冲方, 丁",早川書房,913.6,2010.1,9784150310158
The 1st Compression = 圧縮,The 1st Compression-圧縮,"冲方, 丁",早川書房,913.6,2010.1,9784150310141
"デボラ、眠っているのか？ : Deborah, are you sleeping?",,"森, 博嗣, 1957-",講談社,KH877,2016.10.18,9784062940375
レヴォリューションno.3,,"金城, 一紀, 1968-",角川書店,KH248,2008.9,9784043852024
SPEED,,"金城, 一紀, 1968-",角川書店,KH248,2011.6,9784043852055
ゴシック・神々の黄昏,上,"桜庭, 一樹",角川書店,913.6,2011.6-2011.7,9784044281243
ミステリー・アリーナ,,"深水, 黎一郎",講談社,KH824,2018.6,9784065118078
独白するユニバーサル横メルカトル,,"平山, 夢明, 1961-",光文社,KH145,2009.1,9784334745264
クイズ長嶋茂雄,,チームねじめ正一,光文社,"長島, 茂雄, 1936-",2000.1,9784334972776
人間の顔は食べづらい,,"白井, 智之, 1990-",KADOKAWA,KH924,2017.8,9784041056134
図書館戦争,,"有川, 浩, 1972-",角川書店,KH67,2011.4,9784043898053
進化計算アルゴリズム入門 : 生物の行動科学から導く最適解,,"大谷, 紀子, 情報工学",オーム社,遺伝的アルゴリズム,2018.6,9784274222382
ウォール街のランダム・ウォーカー : 株式投資の不滅の真理,,"Malkiel, Burton Gordon, 1932-",日本経済新聞出版社,株式相場,2019.7,9784532358235
BERTによる自然言語処理入門 : Transformersを使った実践プログラミング,,ストックマーク株式会社,オーム社,自然言語処理,2021.6,9784274227264
機械学習・深層学習による自然言語処理入門 : scikit-learnとTensorFlowを使った実践プログラミング,,"中山, 光樹, 1991-",マイナビ出版,自然言語処理,2020.2,9784839966607
秘密,,"谷崎, 潤一郎, 1886-1965",立東舎,KH971,2020.9,9784845635351
Python機械学習プログラミング : 達人データサイエンティストによる理論と実践,,"Raschka, Sebastian",インプレス,機械学習,2020.1,9784295010074
水車館の殺人,,"綾辻, 行人, 1960-",講談社,KH73,2008.4,9784062760324
夜は短し歩けよ乙女,,"森見, 登美彦, 1979-",角川書店,KH372,2008.12,9784043878024
上と外,上,"恩田, 陸, 1964-",幻冬舎,KH475,2007.1,9784344410190
上と外,下,"恩田, 陸, 1964-",幻冬舎,KH475,2007.1,9784344410206
スーパーの裏でヤニ吸うふたり.,1,地主,スクウェア・エニックス,Y84,2022.8,9784757580947
スパイ教室,3,竹町,KADOKAWA,KH971,2020.8,9784040737409
文学少女対数学少女,,"陸, 秋槎, 1988-",早川書房,KK491,2020.12.,9784151843518
ベーシックインカムの祈り,,"井上, 真偽",集英社,KH971,2022.1,9784087444452
池袋ウエストゲートパーク,16,"石田, 衣良, 1960-",文芸春秋,KH971,2022.9.10,9784167919337
RE:BEL ROBOTICA 0-レベルロボチカ0-,,"Mika Pikazo, 1993-",新潮社,KH971,2022.1,9784101802510
ボーパルバニー,#2,"江波, 光則",小学館,KH821,2016.4,9784094516067
ボーパルバニー,,"江波, 光則",小学館,KH821,2015.9,9784094515749
グッドモーニングレオン,1,"北郷, 海",フレックスコミックス,Y84,2022.11,9784866752532
宙(そら)に参る.,3,"肋骨, 凹介",リイド社,Y84,2022.11,9784845861415
別冊図書館戦争,2,"有川, 浩, 1972-",角川書店,KH67,2011.8,9784043898107
屈折する星屑,,"江波, 光則",早川書房,KH821,2017.3,9784150312671
空の中,,"有川, 浩, 1972-",角川書店,KH67,2008.6,9784043898015
海の底,,"有川, 浩, 1972-",角川書店,KH67,2009.4,9784043898022
魔法の色を知っているか? = What color is the magic?,,"森, 博嗣",講談社,KH877,2016.1,9784062940139
重力ピエロ,,"伊坂, 幸太郎, 1971-",新潮社,KH196,2006.7,9784101250236
浮雲,,"二葉亭, 四迷, 1864-1909",岩波書店,KH161,2004.1,9784003100714
τになるまで待って = Please stay until τ,,"森, 博嗣",講談社,913.6,2008.7,9784062761079
ロリータ,,"Nabokov, Vladimir Vladimirovich, 1899-1977",新潮社,KS165,2006.11,9784102105023
ペンギン・ハイウェイ,,"森見, 登美彦, 1979-",角川書店,KH877,2012.11,9784041005613
Yの悲劇,,"クイーン,エラリイ",新潮社,933,1987.11,9784102137024
ニューロマンサー,,"Gibson, William",早川書房,KS157,1986,9784150106720
流れ星が消えないうちに,,"橋本, 紡, 1967-",新潮社,KH119,2008.7,9784101351810
パニック・裸の王様,,"開高, 健",新潮社,913.6,1988,9784101128016
コインロッカー・ベイビーズ,,"村上, 竜, 1952-",講談社,KH384,2009.7,9784062764162
屍者の帝国,,"伊藤, 計劃, 1974-2009",河出書房新社,KH844,2014.11,9784309413259
道徳という名の少年,,"桜庭, 一樹, 1971-",角川書店,KH917,2013.3,9784041007501
老人と海,,"Hemingway, Ernest",新潮社,933.7,1970.1,9784102100042
カリフォルニア物語,第1巻,"吉田, 秋生",小学館,726.1,1994.12,9784091910011
私たちは生きているのか? = Are we under the biofeedback?,,"森, 博嗣",講談社,KH877,2017.2,9784062940610
風は青海を渡るのか?,,"森, 博嗣, 1957-",講談社,KH877,2016.6,9784062940368
The 3rd Exhaust = 排気,The 3rd Exhaust-排気,"冲方, 丁",早川書房,913.6,2010.1,9784150310165
赤目姫の潮解 = Lady scarlet eyes and her deliquescence,,"森, 博嗣",講談社,KH877,2016.7,9784062934435
ホテル・ニューハンプシャー,上,"Irving, John, 1942-",新潮社,KS159,1989.1,9784102273036
大いなる眠り,,"Chandler, Raymond, 1888-1959",早川書房,KS153,2014.7,9784150704643
卍(まんじ),,"谷崎, 潤一郎",新潮社,913.6,1969,9784101005089
探偵ガリレオ,,"東野, 圭吾, 1958-",文藝春秋,KH139,2002.2,9784167110079
容疑者Xの献身,,"東野, 圭吾, 1958-",文藝春秋,KH139,2008.8,9784167110123
穴,,"小山田, 浩子",新潮社,913.6,2016.8,9784101205410
阪急電車,,"有川, 浩, 1972-",幻冬舎,KH67,2010.8,9784344415133
予知夢,,"東野, 圭吾, 1958-",文藝春秋,KH139,2003.8,9784167110086
短篇五芒星,,"舞城, 王太郎, 1973-",講談社,KH867,2016.9,9784062934992
Zoo,2,"乙一, 1978-",集英社,KH488,2006.5,9784087460384
塩の街,,"有川, 浩, 1972-",角川書店,KH67,2010.1,9784043898039
僕と先輩のマジカル・ライフ,,"はやみね, かおる, 1964-",角川書店,KH129,2006.12,9784043839018
4TEEN (フォーティーン),,"石田, 衣良",新潮社,913.6,2005.12,9784101250519
コーヒーと恋愛,,"獅子, 文六, 1893-1969",筑摩書房,KH924,2013.4,9784480430496
どくとるマンボウ青春記,,"北, 杜夫, 1927-2011",新潮社,"北, 杜夫, 1927-2011",2000.1,9784101131528
異邦人(いりびと),,"原田, マハ",PHP研究所,KH831,2018.3,9784569768168
サラダ記念日,,"俵, 万智, 1962-",河出書房新社,KH612,1989.1,9784309402499
電波女と青春男,[1],"入間, 人間",アスキー・メディアワークス,KH191,2009.1,9784048674683
内田樹による内田樹,,"内田, 樹, 1950-",文藝春秋,"内田, 樹, 1950-",2017.12,9784167909888
ディスコ探偵水曜日,下巻,"舞城, 王太郎, 1973-",新潮社,KH335,2011.2,9784101186368
ユートピア,,トマス・モア,岩波書店,ユートピア,1978,9784003220214
少女不十分,,"西尾, 維新, 1981-",講談社,KH891,2015.11,9784062932462
幽霊を創出したのは誰か? = Who created the ghost?,,"森, 博嗣",講談社,913.6,2020.6,9784065194836
錬金術師の消失,,"紺野, 天龍, 1985-",早川書房,KH971,2020.12,9784150314637
機甲都市伯林,5,"川上, 稔, 1975-",メディアワークス,KH258,2001.1,9784840219457
機甲都市伯林,4,"川上, 稔, 1975-",メディアワークス,KH258,2001.6,9784840218436
機甲都市伯林,3 (パンツァーポリス1942),"川上, 稔, 1975-",メディアワークス,KH258,2001.2,9784840217354
機甲都市伯林 : パンツァーポリス1937,,"川上, 稔, 1975-",メディアワークス,KH258,2000.6,9784840215312
機甲都市伯林,2 (パンツァーポリス1939),"川上, 稔, 1975-",メディアワークス,KH258,2000.1,9784840216302
NHKにようこそ!,,"滝本, 竜彦, 1978-",角川書店,KH589,2005.6,9784043747023
カウボーイビパップ : 天国の扉,,"渡辺, 信一郎, 1965-",角川書店,KH692,2002.8,9784044199029
ゴシック・仮面舞踏会の夜,6,"桜庭, 一樹",角川書店,913.6,2010.11,9784044281137
ドグラ・マグラ,上,"夢野, 久作",角川書店,913.6,1976,9784041366035
秋の花の思い出,3,"桜庭, 一樹",角川書店,KH525,2011.1,9784044281144
青白く輝く月を見たか? = Did the moon shed a pale light?,,"森, 博嗣",講談社,KH877,2017.6,9784062940757
ゴシック・薔薇色の人生,7,"桜庭, 一樹",角川書店,913.6,2011.3,9784044281151
GOSICKs （ゴシックエス） : 冬のサクリファイス,4,"桜庭, 一樹",角川書店,913.6,2011.5.25(平23),9784044281199
キノの旅 : ｔｈｅ　Ｂｅａｕｔｉｆｕｌ　Ｗｏｒｌｄ,2,時雨沢　恵一,ＫＡＤＯＫＡＷＡ,913.6,2015.6,9784048694155
キノの旅　：　the Beautiful World,1,時雨沢 恵一,KADOKAWA,913.6,2000.7,9784048668491
キノの旅　：　the Beautiful World,3,時雨沢 恵一,KADOKAWA,913.6,2001.1,9784048694285
キノの旅　：　the Beautiful World,4,時雨沢 恵一,KADOKAWA,913.6,2001.7,9784048666268
キノの旅 : the Beautiful World,5,時雨沢 恵一,KADOKAWA,913.6,2002.1,9784048666275
キノの旅 : the Beautiful World,6,時雨沢 恵一,KADOKAWA,913.6,2002.8,9784048666282
痴人の愛,,,新潮社,,2003.6.10(平15),9784101005010
伽藍堂の殺人 : Banach-Tarski Paradox,,"周木, 律",講談社,KH924,2017.9,9784062937559
ブギーポップは笑わない,,"上遠野, 浩平",KADOKAWA,913.6,1998.2,9784048694445
ブギーポップ・リターンズＶＳイマジネーター,Ｐａｒｔ　１,上遠野∥浩平,メディアワークス,913.6,2000.4,9784840209434
ブギーポップ・リターンズＶＳイマジネーター,Ｐａｒｔ　２,上遠野∥浩平,メディアワークス,913.6,1999.1,9784840209441
ブギーポップ・イン・ザ・ミラー「パンドラ」,,上遠野∥浩平,メディアワークス,913.6,2000.4,9784840210355
鏡の中は日曜日,,"殊能, 将之, 1964-2013",講談社,KH573,2005.6,9784062751193
春の嵐 : ゲルトルート,,"Hesse, Hermann",新潮社,KS398,1989.7,9784102001011
ロミオとロミオは永遠に,下,"恩田, 陸, 1964-",早川書房,KH475,2006.7,9784150308568
6TEEN (シックスティーン),,"石田, 衣良",新潮社,913.6,2012.7,9784101250564
レヴォリューションNo.0,,"金城, 一紀, 1968-",角川書店,KH851,2013.6,9784041008317
歌行灯,,"泉, 鏡花, 1873-1939",岩波書店,KH231,1988.9,9784003102725
ホテル・ニューハンプシャー,下巻,ジョン・アーヴィング,新潮社,933.7,1989.1,9784102273043
迷宮百年の睡魔 : LABYRINTH IN ARM OF MORPHEUS,,"森, 博嗣, 1957-",講談社,KH877,2017.2,9784062936071
すばらしい新世界,,"Huxley, Aldous",早川書房,KS158,2017.1,9784151200861
know,,"野崎, まど",早川書房,KH894,2013.7,9784150311216
女王の百年密室 : GOD SAVE THE QUEEN,,"森, 博嗣, 1957-",講談社,KH877,2017.1,9784062935838
ロミオとロミオは永遠に,上,"恩田, 陸, 1964-",早川書房,KH475,2006.7,9784150308551
ヤキトリ,2,カルロ・ゼン,早川書房,KH851,2018.4,9784150313180
空の境界,上,"奈須, きのこ, 1973-",講談社,KH431,2007.11,9784062758925
日本再発見 : 芸術風土記,,"岡本, 太郎, 1911-1996",KADOKAWA,日本--紀行,2015.7,9784044094881
海賊島事件 : the man in pirate's island,,"上遠野, 浩平, 1968-",講談社,KH971,2018.12,9784065139639
図書館の魔女,第4巻,"高田, 大介, 1968-",講談社,KH934,2016.5,9784062933889
レッド・クイーン,,"Aveyard, Victoria",ハーパーコリンズ・ジャパン,KS151,2017.3,9784596550484
図書館の魔女,第3巻,"高田, 大介, 1968-",講談社,KH934,2016.5,9784062933872
閻魔堂沙羅の推理奇譚,,"木元, 哉多",講談社,KH857,2018.3,9784062941075
その可能性はすでに考えた,,"井上, 真偽",講談社,KH844,2018.2,9784062938532
ガラスの剣,2,"Aveyard, Victoria",ハーパーコリンズ・ジャパン,KS151,2018.1,9784596550774
QED : 六歌仙の暗号,,"高田, 崇史, 1958-",講談社,KH582,2003.3,9784062736886
製造人間は頭が固い,,"上遠野, 浩平, 1968-",早川書房,KH851,2017.6,9784150312794
ほんとうの花を見せにきた,,"桜庭, 一樹, 1971-",文藝春秋,KH917,2017.11,9784167909567
殺人出産,,"村田, 沙耶香, 1979-",講談社,KH881,2017.3.28 (７刷),9784062934770
武士道ジェネレーション,,"誉田, 哲也, 1969-",文藝春秋,KH841,2018.9,9784167911324
幼女さまとゼロ級守護者さま,2,SCA自,SBクリエイティブ,KH931,2018.4,9784797396751
僕の小規模な奇跡,,"入間, 人間",アスキー・メディアワークス,KH191,2011.5,9784048705875
BEATLESS,下,"長谷, 敏司, 1974-",KADOKAWA,KH831,2018.2,9784041065822
BEATLESS,上,"長谷, 敏司, 1974-",KADOKAWA,KH831,2018.2,9784041065839
読書で離婚を考えた。,,"円城, 塔",幻冬舎,読書,2017.6,9784344031340
Levius/est,vol.1,"中田, 春彌",集英社,Y84,2015.12,9784088902784
科学者はなぜ神を信じるのか : コペルニクスからホーキングまで,,"三田, 一郎, 1944-",講談社,宗教と科学,2018.6,9784065120507
君だけが光,,"シギサワ, カヤ",白泉社,Y84,2018.8,9784592711360
BLACK LAGOON,11,"広江, 礼威",小学館,Y84,2018.11,9784091575517
魔法少女は死亡する,,"シギサワ, カヤ",白泉社,Y84,2018.12,9784592711445
試着室で思い出したら、本気の恋だと思う。,,"尾形, 真理子",幻冬舎,KH897,2014.2,9784344421509
涙香迷宮,,"竹本, 健治, 1954-",講談社,KH934,2018.3,9784062938723
サイコロジカル,下 (曳かれ者の小唄),"西尾, 維新, 1981-",講談社,KH437,2008.1,9784062762120
兎吊木垓輔の戯言殺し,上 (兎吊木垓輔の戯言殺し),"西尾, 維新",講談社,913.6,2008.1,9784062761796
クビツリハイスクール : 戯言遣いの弟子 : 西尾維新文庫,,"西尾, 維新, 1981-",講談社,KH437,2008.8.12,9784062761338
クビシメロマンチスト : 人間失格・零崎人識 : 西尾維新文庫,,"西尾, 維新, 1981-",講談社,KH437,2008.6.13,9784062760775
クビキリサイクル : 青色サヴァンと戯言遣い,,"西尾, 維新, 1981-",講談社,KH437,2008.4,9784062754309
WORLD END ECONOMiCA,3,"支倉, 凍砂",KADOKAWA,KH831,2015.7,9784048693257
境界線上のホライゾン,3 下,"川上, 稔, 1975-",アスキー・メディアワークス,KH258,2010.9,9784048687355
境界線上のホライゾン,6上,"川上, 稔, 1975-",アスキー・メディアワークス,KH851,2013.5,9784048916233
境界線上のホライゾン,11下,"川上, 稔, 1975-",KADOKAWA,KH851,2018.12,9784049122107
WORLD END ECONOMiCA,1,"支倉, 凍砂",KADOKAWA,KH831,2014.12,9784048691123
WORLD END ECONOMiCA,2,"支倉, 凍砂",KADOKAWA,KH831,2015.3,9784048693240
境界線上のホライゾン,3 中,"川上, 稔, 1975-",アスキー・メディアワークス,KH258,2010.7,9784048686471
境界線上のホライゾン,3 上,"川上, 稔, 1975-",アスキー・メディアワークス,KH258,2010.6,9784048686006
境界線上のホライゾン,2 下,"川上, 稔, 1975-",アスキー・メディアワークス,KH258,2009.7,9784048679015
境界線上のホライゾン,2 上,"川上, 稔, 1975-",アスキー・メディアワークス,KH258,2009.6,9784048678483
境界線上のホライゾン,1 下,"川上, 稔, 1975-",アスキー・メディアワークス,KH258,2008.1,9784048672702
[ソウ]楽都市Osaka,上,"川上, 稔, 1975-",メディアワークス,KH258,1999.2,9784073108931
閉鎖都市巴里,下,"川上, 稔, 1975-",メディアワークス,KH258,2000.1,9784840213899
閉鎖都市巴里,上,"川上, 稔, 1975-",メディアワークス,KH258,1999.11,9784840213493
裏世界ピクニック : ふたりの怪異探検ファイル,,"宮澤, 伊織",早川書房,KH874,2017.2,9784150312640
新本格魔法少女りすか,,"西尾, 維新, 1981-",講談社,KH971,2020.4,9784065186497
池袋ウエストゲートパーク,13,"石田, 衣良, 1960-",文芸春秋,KH971,2019.9.10,9784167913441
やはり俺の青春ラブコメはまちがっている。,[1],"渡, 航",小学館,KH692,2011.3,9784094512625
電詞都市DT,下,"川上, 稔, 1975-",メディアワークス,KH258,2002.6,9784840221184
Banana fish another story,,"吉田, 秋生",小学館,726.1,1997.12,9784091911827
Banana fish,第10巻,"吉田, 秋生",小学館,726.1,1997.6,9784091911704
Banana fish,第9巻,"吉田, 秋生",小学館,726.1,1997.6,9784091911698
Banana fish,第8巻,"吉田, 秋生",小学館,726.1,1997.5,9784091911681
Banana fish,第7巻,"吉田, 秋生",小学館,726.1,1997.5,9784091911674
Banana fish,第6巻,"吉田, 秋生",小学館,726.1,1997.3,9784091911667
Banana fish,第4巻,"吉田, 秋生",小学館,726.1,1997.2,9784091911643
Banana fish,第3巻,"吉田, 秋生",小学館,726.1,1997.2,9784091911636
Banana fish,第2巻,"吉田, 秋生",小学館,726.1,1997.1,9784091911629
Banana fish,第1巻,"吉田, 秋生",小学館,726.1,1997.1,9784091911612
星系出雲の兵站,4,"林, 譲治, 1962-",早川書房,KH971,2019.4,9784150313708
星系出雲の兵站,3,"林, 譲治, 1962-",早川書房,KH971,2019.1,9784150313586
星系出雲の兵站,2,"林, 譲治, 1962-",早川書房,KH831,2018.1,9784150313425
星系出雲の兵站,1,"林, 譲治, 1962-",早川書房,KH831,2018.8,9784150313401
玩具都市弁護士(トイ・シティ・ロイヤーズ),,"青柳, 碧人",講談社,KH811,2016.2,9784062940207
スカル・ブレーカ = The skull breaker,,"森, 博嗣",中央公論新社,913.6,2015.3,9784122060944
ブラッド・スクーパ = The blood scooper,,"森, 博嗣",中央公論新社,913.6,2014.4,9784122059320
ヴォイド・シェイパ = The void shaper,,"森, 博嗣",中央公論新社,913.6,2013.4,9784122057777
ゴシック・その罪は名もなき,2 (その罪は名もなき),"桜庭, 一樹",角川書店,KH525,2009.11,9784044281076
Gosick,,"桜庭, 一樹, 1971-",角川書店,KH525,2009.9,9784044281069
春来たる死神,,"桜庭, 一樹",角川書店,913.6,2010.3,9784044281090
連射王,下,"川上, 稔, 1975-",アスキー・メディアワークス,KH851,2013.3,9784048915069
連射王,上,"川上, 稔, 1975-",アスキー・メディアワークス,KH851,2013.2,9784048914123
池袋ウエストゲートパーク,12,"石田, 衣良, 1960-",文芸春秋,KH844,2018.9.10,9784167911317
ロード・エルメロイ2世の事件簿,1,TYPE-MOON,KADOKAWA,KH971,2019.4,9784041080740
Black lagoon,2,"広江, 礼威",小学館,Y84,2003.8,9784091572028
Black lagoon,1,"広江, 礼威",小学館,Y84,2003.1,9784091572011
Black lagoon,5,"広江, 礼威",小学館,Y84,2006.4,9784091570208
Black lagoon,6,"広江, 礼威",小学館,Y84,2006.12,9784091570758
ヒトクイマジカル : 殺戮奇術の匂宮兄妹 : 西尾維新文庫,,"西尾, 維新, 1981-",講談社,KH437,2008.12.12,9784062762267
十三階段,上,"西尾, 維新",講談社,913.6,2009.2,9784062762830
四畳半神話大系,,"森見, 登美彦, 1979-",角川書店,KH372,2008.3,9784043878017
天空の矢はどこへ?,,"森, 博嗣, 1957-",講談社,KH877,2018.6,9784065118177
青色サヴァンと戯言遣い,下 (青色サヴァンと戯言遣い),"西尾, 維新",講談社,913.6,2009.6,9784062763899
丸太町ルヴォワール,,"円居, 挽",講談社,KH335,2012.9,9784062773690
私の男,,"桜庭, 一樹",文藝春秋,913.6,2010.4,9784167784010
赤き征裁vs.橙なる種,中 (赤き征裁vs.橙なる種),"西尾, 維新",講談社,913.6,2009.4,9784062763370
マインド・クァンチャ,,"森, 博嗣, 1957-",中央公論新社,KH877,2017.3,9784122063761
フォグ・ハイダ = The fog hider,,"森, 博嗣",中央公論新社,KH877,2016.3,9784122062375
ツインスター・サイクロン・ランナウェイ,,"小川, 一水, 1975-",早川書房,KH971,2020.3,9784150314217
流転の海,第1部,"宮本, 輝, 1947-",新潮社,KH366,1990.4,9784101307503
道化師の蝶,,"円城, 塔",講談社,KH821,2015.1,9784062930079
キッズアーオールライト,,"岡田, 智彦, 1973-",河出書房新社,KH469,2006.3,9784309407852
青年のための読書クラブ,,"桜庭, 一樹, 1971-",新潮社,KH525,2011.7,9784101356815
神様のメモ帳,[1],"杉井, 光",アスキー・メディアワークス,913.6,2007.1-,9784048670975
神様のメモ帳,[1],"杉井, 光",アスキー・メディアワークス,913.6,2007.1-,9784840238885
我もまたアルカディアにあり,,"江波, 光則",早川書房,KH821,2015.6,9784150311964
東京湾の向こうにある世界は、すべて造り物だと思う,,"中西, 鼎, 1992-",新潮社,KH971,2019.8,9784101801599
後藤さんのこと,,"円城, 塔",早川書房,KH95,2012.3,9784150310622
ハイウイング・ストロール,,"小川, 一水, 1975-",早川書房,KH971,2019.8,9784150313906
言鯨16号,,"九岡, 望, 1988-",早川書房,KH971,2019.1,9784150313562
銃とチョコレート,,"乙一, 1978-",講談社,KH897,2016.7,9784062933964
スカイ・イクリプス,,"森, 博嗣, 1957-",中央公論新社,KH372,2009.2,9784122051171
ゴシック・青い薔薇の下で,3 (青い薔薇の下で),"桜庭, 一樹",角川書店,KH525,2010.1,9784044281083
GOSICKs（ゴシックエス） : 夏から遠ざかる列車,2,"桜庭, 一樹",角川書店,913.6,2010.9.25(平22),9784044281120
戯言遣いとの関係,戯言遣いとの関係,"西尾, 維新",講談社,913.6,2010.3,9784061826823
零崎双識との関係,零崎双識との関係,"西尾, 維新",講談社,913.6,2010.3,9784061826816
錬金術師の密室,,"紺野, 天龍, 1985-",早川書房,KH971,2020.2,9784150314194
濱地健三郎の霊(くしび)なる事件簿,,"有栖川, 有栖, 1959-",KADOKAWA,KH971,2020.2,9784041083222
ゴシック・愚者を代弁せよ,4,"桜庭, 一樹",角川書店,KH525,2010.5,9784044281106
キャサリンはどのように子供を産んだのか? = How did Catherine Cooper have a child?,,"森, 博嗣",講談社,KH971,2020.2,9784065182833
神はいつ問われるのか?,,"森, 博嗣, 1957-",講談社,KH971,2019.1,9784065174456
ビビビ・ビ・バップ,,"奥泉, 光, 1956-",講談社,KH971,2019.6,9784065157138
ホルモー六景,,"万城目, 学",角川書店,KH335,2010.11,9784043939022
鴨川ホルモー,,"万城目, 学",角川書店,KH335,2009.2,9784043939015
月とライカと吸血姫(ノスフェラトゥ),,"牧野, 圭祐, 1980-",小学館,KH867,2016.12,9784094516470
それでもデミアンは一人なのか? = Still does Demian have only one brain?,,"森, 博嗣",講談社,913.6,2019.6,9784065145371
終末なにしてますか?忙しいですか?救ってもらっていいですか?,[01],"枯野, 瑛",KADOKAWA,KH851,2014.11-2017.2,9784041040393
終末なにしてますか?忙しいですか?救ってもらっていいですか?,[01],"枯野, 瑛",KADOKAWA,KH851,2014.11-2017.2,9784041051795
終末なにしてますか?忙しいですか?救ってもらっていいですか?,[01],"枯野, 瑛",KADOKAWA,KH851,2014.11-2017.2,9784041038352
終末なにしてますか?忙しいですか?救ってもらっていいですか?,[01],"枯野, 瑛",KADOKAWA,KH851,2014.11-2017.2,9784041032886
クオリディア・コード,,"渡, 航",集英社,KH951,2016.8,9784086311342
クオリディア・コード,2,"渡, 航",集英社,KH951,2016.12,9784086311649
クオリディア・コード,3,"渡, 航",集英社,KH951,2017.1,9784086312080
クズと金貨のクオリディア,,"さがら, 総",集英社,KH917,2015.1,9784086310246
しずるさんと偏屈な死者たち : The Eccentric Dead In White Sickroom,,"上遠野, 浩平, 1968-",星海社,KH851,2013.7,9784061389519
幼女さまとゼロ級守護者さま,,SCA自,SBクリエイティブ,KH931,2017.12,9784797393651
神様のメモ帳,[1],"杉井, 光",アスキー・メディアワークス,913.6,2007.1-,9784048679107
野崎まど劇場,,"野崎, まど",アスキー・メディアワークス,913.6,2012.11,9784048910996
アステリズムに花束を : 百合SFアンソロジー,,早川書房,早川書房,KH6,2019.6,9784150313838
終末なにしてますか?忙しいですか?救ってもらっていいですか?,[01],"枯野, 瑛",KADOKAWA,KH851,2014.11,9784041022696
終末なにしてますか?忙しいですか?救ってもらっていいですか?,[01],"枯野, 瑛",KADOKAWA,KH851,2014.11-2017.2,9784041022702
数学する人生,,"岡, 潔, 1901-1978",新潮社,"岡, 潔, 1901-1978",2019.4,9784101012513
五覚堂の殺人 : Burning Ship,,"周木, 律",講談社,KH924,2017.3,9784062936231
ドーナツを穴だけ残して食べる方法,,大阪大学,日本経済新聞出版社,学術,2019.9,9784532199555
そして二人だけになった : Until Death Do Us Part,,"森, 博嗣, 1957-",講談社,KH877,2018.9,9784065125939
QED : 百人一首の呪 (しゅ),,"高田, 崇史",講談社,913.6,2002.1,9784062736077
烏の伝言 (つてこと),上,"高田, 大介",講談社,913.6,2017.5,9784062936545
烏の伝言 (つてこと),上,"高田, 大介",講談社,913.6,2017.5,9784062936538
紙の動物園,,"Liu, Ken, 1976-",早川書房,KS163,2017.4,9784150121211
双孔堂の殺人 : Duble Torus,,"周木, 律",講談社,KH924,2016.12.15,9784062935487
零崎人識の人間関係,無桐伊織との関係,"西尾, 維新, 1981-",講談社,KH437,2010.3,9784061826809
私とは何か : 「個人」から「分人」へ,,"平野, 啓一郎, 1975-",講談社,KH145,2013.9.6 (９刷),9784062881722
Black lagoon,4,"広江, 礼威",小学館,Y84,2005.8,9784091572042
Black lagoon,3,"広江, 礼威",小学館,Y84,2004.5,9784091572035
彼女が好きなものはホモであって僕ではない,,"浅原, ナオト",KADOKAWA,KH811,2018.2,9784040725130
コハエースDX,,経験値,KADOKAWA,Y84,2018.1,9784041065457
ぐだぐだエース,2,TYPE-MOON,KADOKAWA,Y84,2020.3,9784041090893
大聖堂の殺人 : The Books,,"周木, 律",講談社,KH971,2019.2,9784065145326
コズミック : 世紀末探偵神話,,"清涼院, 流水, 1974-",講談社,KH544,1996.9,9784061819283
生ポアニキ,,"アサウラ, 1984-",オーバーラップ,KH811,2014.1,9784865540109
ウィトゲンシュタイン『論理哲学論考』を読む,,"野矢, 茂樹, 1954-",筑摩書房,論理哲学論考,2006.4,9784480089816
論理哲学論考,,"Wittgenstein, Ludwig, 1889-1951",岩波書店,記号論理学,2003.8,9784003368916
戦争は女の顔をしていない,,"Aleksievich, Svetlana, 1948-",岩波書店,世界戦争 (1939-1945)--会戦--ロシア,2016.2,9784006032951
絞首台の黙示録,,"神林, 長平, 1953-",早川書房,KH851,2018.3,9784150313210
新・明解C言語,中級編,"柴田, 望洋, 1963-",SBクリエイティブ,プログラミング (コンピュータ),2015.6,9784797384116
新・解きながら学ぶC言語,,"柴田, 望洋, 1963-",SBクリエイティブ,プログラミング用言語,2016.2,9784797384093
新C言語入門,シニア編,"林, 晴比古, 1948-",ソフトバンクパブリッシング,プログラミング用言語,2004.2,9784797325621
映画銀魂2掟は破るためにこそあるSILVER MEMORIESビジュアルブック,,,集英社,映画 日本,2018.8,9784087925265
応用事例とイラストでわかる離散数学,,"延原, 肇, 計算知能",共立出版,組合せ論,2015.2,9784320110991
複素解析入門,,"原, 惟行",共立出版,複素関数論,2014.12,9784320110908
技術レポート作成と発表の基礎技法,,"野中, 謙一郎",コロナ社,科学論文,2018.4,9784339078152
パラノイア : トラブルシューターズ,,,ニューゲームズオーダー,Y94,2014.12,9784908124013
新クトゥルフ神話TRPGルールブック,,"Petersen, Sandy",KADOKAWA,ゲーム,2019.12,9784047358522
Latin,,"高畠, エナガ, 1989-2017",集英社,Y84,2012.4,9784087824483
まんがでわかるデザイン思考,,"小田, ビンチ, 1977-",小学館,思考 (経営管理),2017.1,9784093885768
100-HANDRED-,,"高畠, エナガ, 1989-2017",集英社,Y84,2012.12,9784087824780
SPY×FAMILY,3,"遠藤, 達哉",集英社,Y84,2020.1,9784088821832
SPY×FAMILY,2,"遠藤, 達哉",集英社,Y84,2019.1,9784088821207
北北西に曇と往け,2,"入江, あき",KADOKAWA,Y84,2018.3,9784047350526
塩田先生と雨井ちゃん,,"なかとか, くみこ",イースト・プレス,Y84,2015.5,9784781613048
塩田先生と雨井ちゃん,2,"なかとか, くみこ",イースト・プレス,Y84,2017.5,9784781615325
塩田先生と雨井ちゃん,3,"なかとか, くみこ",イースト・プレス,Y84,2019.7,9784781618005
零崎人識の人間関係,匂宮出夢との関係,"西尾, 維新, 1981-",講談社,KH437,2010.3,9784061826793
零崎軋識の人間ノック,,"西尾, 維新, 1981-",講談社,KH437,2012.5,9784062772068
SPY×FAMILY,1,"遠藤, 達哉",集英社,Y84,2019.7,9784088820118
有害無罪玩具,,"詩野, うら",KADOKAWA,Y84,2019.2,9784047355316
神々のいない星で : 僕と先輩の惑星クラフト,下,"川上, 稔, 1975-",KADOKAWA,KH971,2019.9,9784049127324
神々のいない星で : 僕と先輩の惑星クラフト,上,"川上, 稔, 1975-",KADOKAWA,KH971,2019.8,9784049125696
お気に召すまま : シギサワカヤ短編集,,"シギサワ, カヤ",白泉社,Y84,2019.6,9784592711513
33歳独身女騎士隊長。,,天原,BookLive,Y84,2018.11,9784866750385
リリィシステム,,"吉富, 昭仁",少年画報社,Y84,2019.3,9784785963989
北北西に曇と往け,1,"入江, あき",KADOKAWA,Y84,2017.1,9784047348318
近代スピリチュアリズム百年史 : その歴史と思想のテキスト,,"Thompson, Ernest",でくのぼう出版,心霊研究--歴史--近代,2011.2,9784434153716
コハエースGO : 帝都聖杯奇譚,,経験値,KADOKAWA,Y84,2016.11,9784041048658
ぐだぐだエース,1,TYPE-MOON,KADOKAWA,Y84,2019.3,9784041077252
机ノ上神話 : 幾花にいろ初期作品集,,"幾花, にいろ",芳文社,Y84,2019.2,9784832257429
零崎曲識 (ゼロザキマガシキ) の人間人間,,"西尾, 維新",講談社,913.6,2012.11,9784062773720
零崎双識の人間試験,,"西尾, 維新, 1981-",講談社,YU7,2004.2,9784061823594
ぼくの地球を守って,21,"日渡, 早紀",白泉社,726.1,1994.8,9784592122159
ぼくの地球を守って,11,"日渡, 早紀",白泉社,726.1,1991.7,9784592121916
ぼくの地球を守って,8,"日渡, 早紀",白泉社,726.1,1991.4,9784592115076
境界線上のホライゾンNEXT BOX : GENESISシリーズ,序章編,"川上, 稔, 1975-",KADOKAWA,KH971,2020.2,9784049130034
さめない街の喫茶店,,"はしゃ, 1992-",イースト・プレス,Y84,2017.12,9784781616162
さめない街の喫茶店,2,"はしゃ, 1992-",イースト・プレス,Y84,2019.11,9784781618388
あなたはコンピュータを理解していますか? : 10年後、20年後まで必ず役立つ根っこの部分がきっちりわかる!,,"梅津, 信幸",ソフトバンククリエイティブ,情報処理,2007.3,9784797339499
デッドドールのダブルD,デッドドールのダブルD,"越前, 魔太郎",講談社,KH95,2010.9,9784061827431
ヴァイオリンのV,ヴァイオリンのV,"越前, 魔太郎",講談社,KH95,2010.4,9784061827110
コハエース+,,経験値,角川書店,Y84,2013.6,9784041207635
コハエース,,経験値,角川書店,Y84,2012.6,9784041202838
コハエースEX,,経験値,KADOKAWA,Y84,2014.7,9784041017562
コハエースXP,,経験値,KADOKAWA,Y84,2015.9,9784041034125
コハエースこれくしょん,,経験値,KADOKAWA,Y84,2015.3,9784041028872
生徒会役員共,1,"氏家, ト全",講談社,Y84,2008.8,9784063840308
生徒会役員共,2,"氏家, ト全",講談社,Y84,2009.5,9784063841428
生徒会役員共,3,"氏家, ト全",講談社,Y84,2010.1,9784063842401
溺れるようにできている。 : 完全版,,"シギサワ, カヤ",白泉社,Y84,2015.12,9784592710912
月刊少女野崎くん,6,"椿, いづみ",スクウェア・エニックス,Y84,2015.2,9784757543782
外天楼,,"石黒, 正数, 1977-",講談社,Y84,2011.1,9784063761597
,3,栗井茶,スクウェア・エニックス,Y84,2011.6,9784757532731
劇場版空の境界第六章「忘却録音」画コンテ集,,"奈須, きのこ",講談社,Y88,2010.9,9784062837507
,11,栗井茶,スクウェア・エニックス,Y84,2017.7,9784757554313
,1,栗井茶,スクウェア・エニックス,Y84,2011.5,9784757532410
,2,栗井茶,スクウェア・エニックス,Y84,2011.5,9784757532427
劇場版空の境界第二章「殺人考察(前)」画コンテ集,,ufotable,講談社,Y88,2008.8,9784062836722
劇場版空の境界第三章「痛覚残留」画コンテ集,,ufotable,講談社,Y88,2008.9,9784062836753
劇場版空の境界第四章「伽藍の洞」画(え)コンテ集,,ufotable,講談社,Y88,2009.1,9784062836913
衛宮さんちの今日のごはん,1,TAa,KADOKAWA,Y84,2017.1,9784041052310
ちびちゅき! : TYPE-MOON学園,2,"華々, つぼみ",KADOKAWA,Y84,2014.12,9784041022917
DDD : Decoration Disorder Disconnection,1,"奈須, きのこ",講談社,913.6,2007,9784062836098
氷室の天地 : fate/school life,2,"磨伸, 映一郎",一迅社,Y84,2009.3,9784758080293
バイオーグ・トリニティ,11,"大, 暮維人",集英社,Y84,2017.2,9784088905976
月刊少女野崎くん,1,"椿, いづみ",スクウェア・エニックス,Y84,2012.4,9784757535664
月刊少女野崎くん,2,"椿, いづみ",スクウェア・エニックス,Y84,2012.11,9784757537774
月刊少女野崎くん,3,"椿, いづみ",スクウェア・エニックス,Y84,2013.6,9784757539853
月刊少女野崎くん,4,"椿, いづみ",スクウェア・エニックス,Y84,2014.1,9784757542037
月刊少女野崎くん,5,"椿, いづみ",スクウェア・エニックス,Y84,2014.7,9784757543539
Black lagoon,7,"広江, 礼威",小学館,Y84,2007.1,9784091571137
ちびちゅき! : TYPE-MOON学園,1,"華々, つぼみ",KADOKAWA,Y84,2014.7,9784041017319
氷室の天地 : fate/school life,3,"磨伸, 映一郎",一迅社,Y84,2010.2,9784758080675
氷室の天地 : fate/school life,1,"磨伸, 映一郎",一迅社,Y84,2008.2,9784758080064
バイオーグ・トリニティ,5,"大, 暮維人",集英社,Y84,2014.1,9784088900339
バイオーグ・トリニティ,6,"大, 暮維人",集英社,Y84,2015.3,9784088901220
バイオーグ・トリニティ,7,"大, 暮維人",集英社,Y84,2015.7,9784088902326
バイオーグ・トリニティ,8,"大, 暮維人",集英社,Y84,2016.1,9784088903330
リバーズ・エッジ,,"岡崎, 京子, 1963-",宝島社,Y84,2015.6,9784800242389
反・進化論講座 : 空飛ぶスパゲッティ・モンスターの福音書,,"Henderson, Bobby",築地書館,進化論,2006.12,9784806713401
ポム・プリゾニエール,,"鶴田, 謙二",白泉社,Y84,2014.12,9784592710769
東方求聞口授 : Symposium of Post-mysticism,,Zun,一迅社,Y88,2012.5,9784758012317
東方求聞史紀 : perfect memento in strict sense,,Zun,一迅社,YU37,2007.1,9784758010634
劇場版空の境界第五章「矛盾螺旋」画(え)コンテ集,,ufotable,講談社,Y88,2009.2,9784062836937
Black lagoon,8,"広江, 礼威",小学館,Y84,2008.7,9784091571403
All around TYPE-MOON : アーネンエルベ狂詩曲,,Bすけ,角川書店,Y84,2012.1,9784041203989
ディシディアデュオデシムファイナルファンタジーアルティマニア : PSP,RPG SIDE,,スクウェア・エニックス,Y94,2011.3,9784757531628
九月病,上,"シギサワ, カヤ",白泉社,Y84,2007.9,9784592142829
九月病,下,"シギサワ, カヤ",白泉社,Y84,2007.9,9784592142836
絵画を読む : イコノロジー入門,,"若桑, みどり, 1935-2007",日本放送出版協会,絵画 (西洋)--歴史,1993.8,9784140016688
TYPE-MOONの軌跡,,"坂上, 秋成, 1984-",星海社,ノーツ,2017.11,9784065105573
月刊少女野崎くん,7,"椿, いづみ",スクウェア・エニックス,Y84,2015.12,9784757548305
子どもの王様,,"殊能, 将之, 1964-2013",講談社,KH573,2012.8,9784061828452
機龍警察,,"月村, 了衛",早川書房,KH944,2017.5,9784150312749
盲目的な恋と友情,,"辻村, 深月, 1980-",新潮社,KH944,2017.2,9784101388823
キノの旅 : the Beautiful World,7,時雨沢 恵一,KADOKAWA,913.6,2003.6,9784048666299
殺人鬼探偵の捏造美学,,"御影, 瑛路, 1983-",講談社,KH874,2017.11,9784062940962
カリフォルニア物語,第4巻,"吉田, 秋生",小学館,726.1,1994.12,9784091910042
原発を考える50話,,"西尾, 漠, 1947-",岩波書店,原子力発電,2006.2,9784005005291
ペガサスの解は虚栄か?,,"森, 博嗣, 1957-",講談社,KH877,2017.1,9784062940900
だれの息子でもない,,"神林, 長平, 1953-",講談社,KH851,2017.5,9784062936613
ポーの一族,4,"萩尾, 望都, 1949-",小学館,Y84,2016.5,9784091384140
ポーの一族,5,"萩尾, 望都, 1949-",小学館,Y84,2016.5,9784091384157
ポーの一族,3,"萩尾, 望都, 1949-",小学館,Y84,2016.5,9784091384102
風と木の詩,第3巻,"竹宮, 恵子, 1950-",白泉社,726.1,1995.3,9784592881537
君の膵臓をたべたい,,"住野, よる",双葉社,KH931,2017.4,9784575519945
女宴の迷宮 : 特命闇社員,,"北沢, 拓也, 1940-2008",双葉社,KH271,1999.9,9784575006674
ディスコ探偵水曜日,中巻,"舞城, 王太郎, 1973-",新潮社,KH335,2011.2,9784101186351
ディスコ探偵水曜日,上巻,"舞城, 王太郎, 1973-",新潮社,KH335,2011.2,9784101186344
図書館の魔女,第1巻,"高田, 大介, 1968-",講談社,KH934,2016.4,9784062933650
θ(シータ)は遊んでくれたよ,,"森, 博嗣",講談社,913.6,2008.3,9784062760072
姑獲鳥 (うぶめ) の夏,,"京極, 夏彦",講談社,KH297,1998.9,9784062638876
ジンカン : 宮内庁神祇鑑定人・九鬼隗一郎,,"三田, 誠, 1977-",講談社,KH917,2017.12,9784062941020
"血か、死か、無か? = Is it blood, death or null?",,"森, 博嗣",講談社,KH877,2018.2,9784062940993
眼球堂の殺人 : The Book,,"周木, 律",講談社,KH924,2016.9,9784062934756
φ（ファイル）は壊れたね,,"森, 博嗣, 1957-",講談社,KH372,2007.11.15,9784062758987
パンツァーポリス1935,,,メディアワークス,913.6,2000.7(5刷),9784840205573
カリフォルニア物語,第3巻,"吉田, 秋生",小学館,726.1,1994.12,9784091910035
カリフォルニア物語,第2巻,"吉田, 秋生",小学館,726.1,1994.12,9784091910028
風と木の詩,第8巻,"竹宮, 恵子, 1950-",白泉社,726.1,1995.9,9784592881582
風と木の詩,第9巻,"竹宮, 恵子, 1950-",白泉社,726.1,1995.9,9784592881599
風と木の詩,第10巻,"竹宮, 恵子, 1950-",白泉社,726.1,1995.9,9784592881605
風と木の詩,第5巻,"竹宮, 恵子, 1950-",白泉社,726.1,1995.6,9784592881551
風と木の詩,第6巻,"竹宮, 恵子, 1950-",白泉社,726.1,1995.6,9784592881568
風と木の詩,第7巻,"竹宮, 恵子, 1950-",白泉社,726.1,1995.6,9784592881575
匣の中の失楽,,"竹本, 健治, 1954-",講談社,KH934,2015.12,9784062932790
正解するマド,,東映アニメーション株式会社,早川書房,KH897,2017.7,9784150312848
ラブコメ今昔,,"有川, 浩, 1972-",角川書店,KH67,2012.6,9784041003305
十角館の殺人,,"綾辻, 行人, 1960-",講談社,KH73,2007.1,9784062758574
クジラの彼,,"有川, 浩, 1972-",角川書店,KH67,2010.6,9784043898046
ガンスリンガー,1,"King, Stephen",KADOKAWA,KS162,2017.1,9784041049624
風と木の詩,第4巻,"竹宮, 恵子, 1950-",白泉社,726.1,1995.3,9784592881544
空の境界,中,"奈須, きのこ, 1973-",講談社,KH431,2007.12,9784062759205
ダブルクロスThe 3rd Editionルールブック,1,"矢野, 俊策",KADOKAWA,テーブルトークRPG,2009.7,9784040710600
月刊少女野崎くん,9,"椿, いづみ",スクウェア・エニックス,Y84,2017.8,9784757554429
教養の線形代数,,"村上, 正康",培風館,線型代数学,2016.2,9784563012052
基礎からの微分方程式 : 実例でよくわかる,,"稲岡, 毅, 1955-",森北出版,微分方程式,2012.5,9784627076716
DDD : Decoration Disorder Disconnection,1,"奈須, きのこ",講談社,913.6,2007,9784062836333
高等学校新倫理,,"菅野, 覚明",清水書院,Y353,2007.2,9784389600129
マヤ文明 : 密林に栄えた石器文化,,"青山, 和夫, 1962-",岩波書店,マヤ文明,2012.4,9784004313649
マルドゥック・アノニマス,3,"冲方, 丁, 1977-",早川書房,KH947,2018.3,9784150313203
激突のヘクセンナハト,2,"川上, 稔, 1975-",KADOKAWA,KH851,2016.2,9784048657662
風と木の詩,第1巻,"竹宮, 恵子, 1950-",白泉社,726.1,1995.3,9784592881513
岡崎京子 : 総特集 = Kyoko Okazaki,,"岡崎, 京子",河出書房新社,Y94,2012.7,9784309977768
特集・菅野よう子 : アニメ・映画・CM・ゲーム…音の魔術師のすべて!!,,,青土社,菅野/よう子,2009.8,9784791701964
SFの書き方 : 「ゲンロン大森望SF創作講座」全記録,,"大森, 望, 1961-",早川書房,空想科学小説--作法,2017.4,9784152096845
哲学の謎,,"野矢, 茂樹, 1954-",講談社,哲学,1996.1,9784061492868
哲学ってどんなこと? : とっても短い哲学入門,,"Nagel, Thomas, 1937-",昭和堂,H21,1993.4,9784812293058
現代哲学キーワード,,"野家, 啓一, 1949-",有斐閣,哲学,2016.1,9784641058880
トーク・アバウト・カウボーイビバップ,,"石井, 誠, 1971-",太田出版,778.77,2001.1,9784872336092
Pythonインタラクティブ・データビジュアライゼーション入門 : Plotly/Dashによるデータ可視化とWebアプリ構築,,driller,朝倉書店,プログラミング (コンピュータ),2020.12,9784254122589
境界線上のホライゾン,9上,"川上, 稔, 1975-",KADOKAWA,KH851,2016.4,9784048658867
境界線上のホライゾン,9下,"川上, 稔, 1975-",KADOKAWA,KH851,2016.6,9784048921206
境界線上のホライゾン,10上,"川上, 稔, 1975-",KADOKAWA,KH851,2017.1,9784048934039
境界線上のホライゾン,8上,"川上, 稔, 1975-",KADOKAWA,KH851,2015.2,9784048692557
境界線上のホライゾン,8中,"川上, 稔, 1975-",KADOKAWA,KH851,2015.4,9784048650717
境界線上のホライゾン,8下,"川上, 稔, 1975-",KADOKAWA,KH851,2015.6,9784048692632
境界線上のホライゾン,7上,"川上, 稔, 1975-",KADOKAWA,KH851,2014.2,9784048663113
境界線上のホライゾン,7下,"川上, 稔, 1975-",KADOKAWA,KH851,2014.6,9784048665643
境界線上のホライゾン,10中,"川上, 稔, 1975-",KADOKAWA,KH851,2017.12,9784048935203
境界線上のホライゾン,11上,"川上, 稔, 1975-",KADOKAWA,KH851,2018.7,9784048938747
境界線上のホライゾン,10下,"川上, 稔, 1975-",KADOKAWA,KH851,2018.3,9784048936835
境界線上のホライゾン,11中,"川上, 稔, 1975-",KADOKAWA,KH851,2018.9,9784048939690
境界線上のホライゾン,7中,"川上, 稔, 1975-",KADOKAWA,KH851,2014.4,9784048664752
境界線上のホライゾン,6下,"川上, 稔, 1975-",アスキー・メディアワークス,KH851,2013.9,9784048916240
境界線上のホライゾン,6中,"川上, 稔, 1975-",アスキー・メディアワークス,KH851,2013.7,9784048918206
教養の線形代数,,"村上, 正康",培風館,線型代数学,2016.2,9784563012052
基礎からの微分方程式 : 実例でよくわかる,,"稲岡, 毅, 1955-",森北出版,微分方程式,2012.5,9784627076716
アルゴリズム実技検定公式テキスト,エントリー～中級編,,マイナビ出版,コンピュータ要員,2021.2,9784839972776
原因において自由な物語,,"五十嵐, 律人, 1990-",講談社,KH971,2024.6,9784065359792
楽園とは探偵の不在なり,,"斜線堂, 有紀, 1993-",早川書房,KH971,2022.11,9784150315382
男の粋な生き方,,"石原, 慎太郎, 1932-2022",幻冬舎,KH844,2018.4,9784344427150
論理トレーニング101題,,"野矢, 茂樹, 1954-",産業図書,論理学,2001.5,9784782801369
プレイヤーはどこへ行くのか : デジタルゲームへの批評的接近,,限界研,南雲堂,コンピュータゲーム,2018.12,9784523265818
あなたを変える行動経済学 : よりよい意思決定・行動をめざして,,"大竹, 文雄, 1961-",東京書籍,行動経済学,2022.1,9784487815432
"Obsidianで""育てる""最強ノート術 : あらゆる情報をつなげて整理しよう",,"増井, 敏克, 1979-",技術評論社,ソフトウェア,2023.10,9784297137199
基本情報技術者の科目B実践対策〈プログラミング・アルゴリズム・情報セキュリティ〉,,,インプレス,コンピュータ要員,2023.6,9784295016731
哲学史入門,1,"千葉, 雅也",NHK出版,古代哲学,2024.4,9784140887189
AIは短歌をどう詠むか,,"浦川, 通",講談社,人工知能,2024.6,9784065360125
物理〈物理基礎・物理〉基礎問題精講,,,旺文社,Y38,2013.7,9784010340127
この世で一番おもしろいマクロ経済学 : みんながもっと豊かになれるかもしれない16講,,"Bauman, Yoram",ダイヤモンド社,マクロ経済学,2012.5,9784478017838
この世で一番おもしろいミクロ経済学 : 誰もが「合理的な人間」になれるかもしれない16講,,"Bauman, Yoram",ダイヤモンド社,ミクロ経済学,2011.11,9784478013243
スーパーの裏でヤニ吸うふたり,4,地主,スクウェア・エニックス,Y84,2024.1,9784757587090
バックヤードジャンクユニバース,,"加藤, 拓弐",スクウェア・エニックス,Y84,2023.12,9784757589766
スーパーの裏でヤニ吸うふたり,3,地主,スクウェア・エニックス,Y84,2023.7,9784757586949
メカニカルバディユニバース,,"加藤, 拓弐",スクウェア・エニックス,Y84,2022.10,9784757582217
商店街のあゆみ,,panpanya,白泉社,Y84,2023.12,9784592712312
ブラック・ラグーン掃除屋ソーヤー解体!ゴアゴア娘,008,"イダ, タツヒコ, 1964-",小学館,Y84,2024.5,9784091578242
ダンジョンの中のひと,4,"双見, 酔",双葉社,Y84,2023.8,9784575858761
ダンジョンの中のひと,3,"双見, 酔",双葉社,Y84,2022.11,9784575857788
ダンジョンの中のひと,2,"双見, 酔",双葉社,Y84,2021.12,9784575856699
ブラック・ラグーンエダイニシャルステージ,004,"やまむら, はじめ, 1968-",小学館,Y84,2024.5,9784091578259
何故エリーズは語らなかったのか?,,"森, 博嗣, 1957-",講談社,KH971,2024.4,9784065344453
イデアの再臨,,"五条, 紀夫",新潮社,KH971,2024.5,9784101802855
三体,,"劉, 慈欣, 1963-",早川書房,KK491,2024.2,9784150124342
ダンジョンの中のひと,5,"双見, 酔",双葉社,Y84,2024.6,9784575859799
砂の海のレイメイ : 七つの異世界、二つの太陽,,"中島, リュウ",小学館,KH971,2024.7,9784094531992
魔女と傭兵,2,超法規的かえる,マイクロマガジン社,KH971,2023.9,9784867164716
魔女と傭兵,3,超法規的かえる,マイクロマガジン社,KH971,2024.3,9784867165478
魔女と傭兵　４,,超法規的かえる,マイクロマガジン社,,,9784867166086
ウスズミの果て　３,,岩宗治生,,ハルタ,,9784047379534
魔女と傭兵,,超法規的かえる,マイクロマガジン社,KH971,2023.5,9784867164242
魔女と猟犬,,"カミツキレイニー, 1983-",小学館,KH971,2020.10,9784094518641
スレイヤーズ,1,"神坂, 一",富士見書房,KH248,2008.5,9784829132883
終末なにしてますか?もう一度だけ、会えますか?,#03,"枯野, 瑛",KADOKAWA,KH851,2016.12,9784041046562
終末なにしてますか?異伝リーリァ・アスプレイ,#02,"枯野, 瑛",KADOKAWA,KH971,2020.6,9784041091715
終末なにしてますか?異伝リーリァ・アスプレイ,,"枯野, 瑛",KADOKAWA,KH971,2019.6,9784041082560
終末なにしてますか?もう一度だけ、会えますか?,#01,"枯野, 瑛",KADOKAWA,KH851,2016.4,9784041040409
終末なにしてますか?もう一度だけ、会えますか?,#04,"枯野, 瑛",KADOKAWA,KH851,2017.4,9784041046579
終末なにしてますか?もう一度だけ、会えますか?,#05,"枯野, 瑛",KADOKAWA,KH851,2017.10,9784041046586
終末なにしてますか?もう一度だけ、会えますか?,#07,"枯野, 瑛",KADOKAWA,KH851,2018.12,9784041075494
終末なにしてますか?もう一度だけ、会えますか?,#09,"枯野, 瑛",KADOKAWA,KH971,2020.11,9784041091630
終末なにしてますか?もう一度だけ、会えますか?,#10,"枯野, 瑛",KADOKAWA,KH971,2021.7,9784041114100
終末なにしてますか?もう一度だけ、会えますか?,#02,"枯野, 瑛",KADOKAWA,KH851,2016.7,9784041046555
室外機室 : ちょめ短編集,,ちょめ,双葉社,Y84,2024.5,9784575440577
7日間でハッキングをはじめる本 : TryHackMeを使って身体で覚える攻撃手法と脆弱性,,"野溝, のみぞう",翔泳社,情報セキュリティ (コンピュータ),2024.8,9784798181578
新NHKにようこそ！,,滝本　竜彦,,,,9784041151075
神探偵イエス・キリストの冒険,,"清涼院, 流水, 1974-",星海社,KH971,2024.10,9784065373729
イモヅル式応用情報技術者午前コンパクト演習,,,インプレス,コンピュータ要員,2022.2,9784295013402
魔女と猟犬,2,"カミツキレイニー, 1983-",小学館,KH971,2021.6,9784094530094
魔王都市,2,ロケット商会,小学館,KH971,2024.2,9784094531725
スパイ教室,04,竹町,KADOKAWA,KH971,2020.12,9784040737416
日下を、なぜクサカと読むのか : 地名と古代語,,"筒井, 功, 1944-",河出書房新社,日本--地名,2024.5,9784309229218
ジョーカー : 旧約探偵神話,,"清涼院, 流水, 1974-",星海社,KH971,2024.9,9784065370872
ムーンシャイン,,"円城, 塔",東京創元社,KH971,2024.7,9784488018443
コード・ブッダ : 機械仏教史縁起,,"円城, 塔",文藝春秋,KH971,2024.9,9784163918945
コズミック : 世紀末探偵神話,,"清涼院, 流水, 1974-",星海社,KH971,2024.8,9784065367186
一九八四,,"Orwell, George, 1903-1950",星海社,KS179,2024.9,9784065370919
黒幕ゲーム,2,"久追, 遥希",KADOKAWA,KH971,2024.7,9784046837943
月刊少女野崎くん,16,"椿, いづみ",スクウェア・エニックス,Y84,2024.8,9784757593527
魔王都市 : 空白の玉座と七柱の偽王,01,ロケット商会,小学館,KH971,2023.7,9784094531381
黒幕ゲーム : 学園の黒幕ですが完全犯罪で世界を救ってもいいですか?,,"久追, 遥希",KADOKAWA,KH971,2024.3,9784046834737
ハハハハイキョアドベンチャー世界廃墟探索記 : ゴーストタウン、荒れ果てた土地、忘れられた世界での冒険,,"中村, 育美",ボーンデジタル,廃墟--写真集,2024.4,9784862465764
九龍城探訪 : 魔窟で暮らす人々,,"Girard, Greg, 1955-",イースト・プレス,スラム--中国--香港,2004.2,9784872574234
地雷グリコ,,"青崎, 有吾, 1991-",KADOKAWA,KH971,2023.11,9784041111659
遊戯と臨界 : 赤野工作ゲームSF傑作選,,"赤野, 工作",東京創元社,KH971,2025.3,9784488021054
ブラック・ラグーン掃除屋ソーヤー解体!ゴアゴア娘,009,"イダ, タツヒコ, 1964-",小学館,Y84,2025.1,9784091578532
息吹,,"Chiang, Ted, 1967-",早川書房,KS179,2023.8,9784150124151
はじめてのガロア : 数学が苦手でもわかる天才の発想,,"金, 重明, 1956-",講談社,ガロアの理論,2024.8,9784065365632
生活 : 海猫沢めろん随筆傑作選,,"海猫沢, めろん",河出書房新社,KH971,2024.11,9784309039329
構造と力 : 記号論を超えて,,"浅田, 彰, 1957-",中央公論新社,構造主義,2023.12,9784122074484
世界は「関係」でできている : 美しくも過激な量子論,,"Rovelli, Carlo, 1956-",NHK出版,量子論,2021.10,9784140818817
魔女と猟犬,6,"カミツキレイニー, 1983-",小学館,KH971,2024.12,9784094532258
ゲーム音楽はどこから来たのか : ゲームサウンドの歴史と構造,,"田中, 治久",Pヴァイン,ゲームミュージック--歴史,2024.10,9784910511795
鳥類学者だからって、鳥が好きだと思うなよ。,,"川上, 和人",新潮社,鳥,2020.7,9784101215129
ウスズミの果て　４,,岩宗　治生,,,,9784047383777
ダンジョンの中のひと,6,"双見, 酔",双葉社,Y84,2025.5,9784575860887
妖精の物理学　―PHysics PHenomenon PHantom―,,電磁幽体,,,,9784049162301
魔王都市,03,ロケット商会,小学館,KH971,2024.11,9784094532203
東京のレトロ美術館,,"とにー, 1983-",エクスナレッジ,美術館--東京都,2020.1,9784767826981
ツインスター・サイクロン・ランナウェイ,4,"小川, 一水, 1975-",早川書房,KH971,2025.1,9784150315887
完全自殺マニュアル,,"鶴見, 済, 1964-",太田出版,自殺,1994.4,9784872331264
世界殺人鬼百選 : Ultimate murder file,,ガース柳下,ぶんか社,殺人,1996.9,9784821105281
百貨店ワルツ,,"マツオ, ヒロミ, 1980-",実業之日本社,Y89,2016.2,9784408414331
放課後プレイ,,"黒咲, 練導",アスキー・メディアワークス,Y84,2009.1,9784048675642
放課後プレイ2,,"黒咲, 練導",アスキー・メディアワークス,Y84,2010.5,9784048686402
放課後プレイ3,,"黒咲, 練導",アスキー・メディアワークス,Y84,2011.1,9784048702058
シナリオエクスペリメンツ レイン,,小中 千昭,復刊ドットコム,912.7,2010.12,9784835445670
世界の辺境とハードボイルド室町時代,,"高野, 秀行, 1966-",集英社インターナショナル,ソマリア--社会,2015.8,9784797673036
イデアの影,,"森, 博嗣, 1957-",講談社,KH971,2025.6,9784065393086
口に関するアンケート,,背筋,ポプラ社,KH971,2024.9,9784591182253
同志少女よ、敵を撃て,,"逢坂, 冬馬, 1985-",早川書房,KH971,2024.12,9784150315856
魔女と傭兵,6上,超法規的かえる,マイクロマガジン社,913.6,2025.6,9784867167762
虚構推理,,"城平, 京, 1974-",講談社,KH971,2019.1,9784065145302
ここにひとつの□がある,,梨,KADOKAWA,KH971,2024.11,9784041143094
町の本屋はいかにしてつぶれてきたか : 知られざる戦後書店抗争史,,"飯田, 一史, 1982-",平凡社,書籍商--日本,2025.4,9784582860795
誰が音楽をタダにした? : 巨大産業をぶっ潰した男たち,,"Witt, Stephen, 1979-",早川書房,音楽産業--歴史,2018.3,9784150505189
メモをとれば財産になる,,"Ahrens, Sönke, 1964-",日経BP日本経済新聞出版,ノート,2024.12,9784296121670
世界目録をつくろうとした男 : 奇才ポール・オトレと情報化時代の誕生,,"Wright, Alex, 1966-",みすず書房,ドキュメンテーション--歴史,2024.6,9784622097020
すばらしい失敗 : 「数独の父」鍜治真起の仕事と遊び,,ニコリ,ニコリ,"鍜治, 真起, 1951-2021",2022.10,9784890723799
人はなぜ物を愛するのか : 「お気に入り」を生み出す心の仕組み,,"Ahuvia, Aaron",白揚社,愛,2024.12,9784826902670
エクストリーム大家,,"春川, 賢太郎, 1971-",Lychee Books,賃貸住宅経営,2023.8,9784910522050
ヤクザときどきピアノ,,"鈴木, 智彦, 1966-",CCCメディアハウス,KD19,2020.4,9784484202075
ファーストコンタクト : 窓口基作品集,,窓口基,双葉社,Y84,2025.9,9784575861310
怪獣を解剖する,上,"サイトウ, マド",KADOKAWA,Y84,2025.4,9784047384217
怪獣を解剖する,下,"サイトウ, マド",KADOKAWA,Y84,2025.4,9784047384224
GOAT,2025Winter,,小学館,KH6,2025.12,9784098021185
キマイラの柩 : 山本タカト画集,,"山本, タカト, 1960-",エディシオン・トレヴィル,KC482,2010.10,9784309908885
エロティック・アートと秘教主義 = Erotic art and esotericism,,"相馬, 俊樹",エディシオン・トレヴィル,美術家,2018.4,9784309921495
姉妹傭兵,,"三河, ごーすと",KADOKAWA,KH971,2025.7,9784046849809
砂の海のレイメイ,3,"中島, リュウ",小学館,KH971,2025.9,9784094532630
魔女と傭兵,6下,超法規的かえる,マイクロマガジン社,913.6,2025.7,9784867167939
つくもごみ,,panpanya,白泉社,Y84,2025.8,9784592712602
世界の終わりの最後の殺人,,"Turton, Stuart, 1980-",文藝春秋,KS179,2025.3,9784163919584
"円周率100,000,000桁表",,真実のみを記す会,暗黒通信団,円周率,2019.10,9784873106281
モモ艦長の秘密基地,2,"鶴田, 謙二",白泉社,Y84,2025.12,9784592712657
解剖、幽霊、密室,,"サイトウ, マド",KADOKAWA,Y84,2025.4,9784047384279
WORKSIGHT,29,,コクヨ,オフィス,,9784761509378
ＮＨＫ 100分 de 名著 ウィトゲンシュタイン『論理哲学論考』『哲学探究』2026年4月,,日本放送協会,,ＮＨＫ,,9784142231874
ゲンロンy 創刊号,,ゲンロンy創刊号編集委員会,ゲンロン,,,9784907188689
Amazon Web Servicesのしくみと技術がこれ1冊でしっかりわかる教科書,,"小笠原, 種高",技術評論社,クラウドコンピューティング,2025.5,9784297148201
The Only 1,,"稲村, 祐汰, 1998-",SCRAP出版,KH971,2024.4,9784909474780
33歳独身女騎士隊長。,4,天原,BookLive,Y84,2026.1,9784866754819
応用情報技術者午後問題の重点対策,2025,,アイテック,コンピュータ要員,2024.11,9784865753332
開発効率をアップする!Claude Code実用入門,,"大沢, 文孝, 1973-",マイナビ出版,システム開発,2026.5,9784839990206
Obsidian×AI : 自分だけの知識のデータベースをつくる情報収集・活用テクニック,,"山口, 大陽",マイナビ出版,ソフトウェア,2025.12,9784839989866
シノアリス絵物語全集 : 2017-2021,,,スクウェア・エニックス,Y94,2022.6,9784757573437
銀河特急ミルキー☆サブウェイ,1,"河野, 丼",KADOKAWA,Y84,2026.1,9784048117852
憎悪人間は怒らない,,"上遠野, 浩平, 1968-",早川書房,KH971,2020.8,9784150314453
台湾 : 四百年の歴史と展望,,"伊藤, 潔, 1937-",中央公論社,台湾--歴史,1993.8,9784121011442
書店本事 : 台湾書店主43のストーリー,,"郭, 怡青",サウザンブックス社,書籍商--台湾,2019.6,9784909125125
宙に参る,5,"肋骨, 凹介",リイド社,Y84,2025.6,9784845867943
ミッドナイトブルー,,"須藤, 佑実",祥伝社,Y84,2016.11,9784396766870
魔女と傭兵,7,超法規的かえる,マイクロマガジン社,KH971,2026.1,9784867169018
言語の七番目の機能,,"Binet, Laurent, 1972-",東京創元社,KR179,2026.1,9784488805074
レベルデザインの教科書 : ゲーム制作のための建築的アプローチ,,"Totten, Christopher W",ボーンデジタル,コンピュータゲーム,2025.6,9784862466068
句読点、記号・符号活用辞典。,,小学館,小学館,記号,2007.9,9784095041766
パパイヤのある街 : 台湾日本語文学アンソロジー,,"山口, 守, 1953-",皓星社,KH6,2024.8,9784774408354
翡翠峡奇譚,1,"広江, 礼威",小学館,Y84,2005.6,9784091572622
翡翠峡奇譚,2,"広江, 礼威",小学館,Y84,2005.7,9784091572639
